﻿<ArrayOfString xmlns:xsi="http://www.w3.org/2001/XMLSchema-instance" xmlns:xsd="http://www.w3.org/2001/XMLSchema">
  <string>&lt;INSTANCE CLASSNAME="SMS_WinPEOptionalComponentInBootImage"&gt;
  &lt;PROPERTY TYPE="string" NAME="__RELPATH"&gt;
    &lt;VALUE&gt;&lt;/VALUE&gt;
  &lt;/PROPERTY&gt;
  &lt;PROPERTY NAME="PackageID" TYPE="string"&gt;
    &lt;VALUE&gt;KTC00035&lt;/VALUE&gt;
  &lt;/PROPERTY&gt;
  &lt;PROPERTY NAME="Architecture" TYPE="string"&gt;
    &lt;VALUE&gt;x64&lt;/VALUE&gt;
  &lt;/PROPERTY&gt;
  &lt;PROPERTY NAME="ComponentID" TYPE="uint32"&gt;
    &lt;VALUE&gt;44&lt;/VALUE&gt;
  &lt;/PROPERTY&gt;
  &lt;PROPERTY NAME="IsRequired" TYPE="boolean"&gt;
    &lt;VALUE&gt;True&lt;/VALUE&gt;
  &lt;/PROPERTY&gt;
  &lt;PROPERTY NAME="Name" TYPE="string"&gt;
    &lt;VALUE&gt;WinPE-Scripting&lt;/VALUE&gt;
  &lt;/PROPERTY&gt;
  &lt;PROPERTY NAME="Size" TYPE="uint64"&gt;
    &lt;VALUE&gt;1885924&lt;/VALUE&gt;
  &lt;/PROPERTY&gt;
&lt;/INSTANCE&gt;</string>
  <string>&lt;INSTANCE CLASSNAME="SMS_WinPEOptionalComponentInBootImage"&gt;
  &lt;PROPERTY TYPE="string" NAME="__RELPATH"&gt;
    &lt;VALUE&gt;&lt;/VALUE&gt;
  &lt;/PROPERTY&gt;
  &lt;PROPERTY NAME="PackageID" TYPE="string"&gt;
    &lt;VALUE&gt;KTC00035&lt;/VALUE&gt;
  &lt;/PROPERTY&gt;
  &lt;PROPERTY NAME="Architecture" TYPE="string"&gt;
    &lt;VALUE&gt;x64&lt;/VALUE&gt;
  &lt;/PROPERTY&gt;
  &lt;PROPERTY NAME="ComponentID" TYPE="uint32"&gt;
    &lt;VALUE&gt;45&lt;/VALUE&gt;
  &lt;/PROPERTY&gt;
  &lt;PROPERTY NAME="IsRequired" TYPE="boolean"&gt;
    &lt;VALUE&gt;True&lt;/VALUE&gt;
  &lt;/PROPERTY&gt;
  &lt;PROPERTY NAME="Name" TYPE="string"&gt;
    &lt;VALUE&gt;WinPE-SecureStartup&lt;/VALUE&gt;
  &lt;/PROPERTY&gt;
  &lt;PROPERTY NAME="Size" TYPE="uint64"&gt;
    &lt;VALUE&gt;353092&lt;/VALUE&gt;
  &lt;/PROPERTY&gt;
&lt;/INSTANCE&gt;</string>
  <string>&lt;INSTANCE CLASSNAME="SMS_WinPEOptionalComponentInBootImage"&gt;
  &lt;PROPERTY TYPE="string" NAME="__RELPATH"&gt;
    &lt;VALUE&gt;&lt;/VALUE&gt;
  &lt;/PROPERTY&gt;
  &lt;PROPERTY NAME="PackageID" TYPE="string"&gt;
    &lt;VALUE&gt;KTC00035&lt;/VALUE&gt;
  &lt;/PROPERTY&gt;
  &lt;PROPERTY NAME="Architecture" TYPE="string"&gt;
    &lt;VALUE&gt;x64&lt;/VALUE&gt;
  &lt;/PROPERTY&gt;
  &lt;PROPERTY NAME="ComponentID" TYPE="uint32"&gt;
    &lt;VALUE&gt;50&lt;/VALUE&gt;
  &lt;/PROPERTY&gt;
  &lt;PROPERTY NAME="IsRequired" TYPE="boolean"&gt;
    &lt;VALUE&gt;True&lt;/VALUE&gt;
  &lt;/PROPERTY&gt;
  &lt;PROPERTY NAME="Name" TYPE="string"&gt;
    &lt;VALUE&gt;WinPE-WDS-Tools&lt;/VALUE&gt;
  &lt;/PROPERTY&gt;
  &lt;PROPERTY NAME="Size" TYPE="uint64"&gt;
    &lt;VALUE&gt;850043&lt;/VALUE&gt;
  &lt;/PROPERTY&gt;
&lt;/INSTANCE&gt;</string>
  <string>&lt;INSTANCE CLASSNAME="SMS_WinPEOptionalComponentInBootImage"&gt;
  &lt;PROPERTY TYPE="string" NAME="__RELPATH"&gt;
    &lt;VALUE&gt;&lt;/VALUE&gt;
  &lt;/PROPERTY&gt;
  &lt;PROPERTY NAME="PackageID" TYPE="string"&gt;
    &lt;VALUE&gt;KTC00035&lt;/VALUE&gt;
  &lt;/PROPERTY&gt;
  &lt;PROPERTY NAME="Architecture" TYPE="string"&gt;
    &lt;VALUE&gt;x64&lt;/VALUE&gt;
  &lt;/PROPERTY&gt;
  &lt;PROPERTY NAME="ComponentID" TYPE="uint32"&gt;
    &lt;VALUE&gt;52&lt;/VALUE&gt;
  &lt;/PROPERTY&gt;
  &lt;PROPERTY NAME="IsRequired" TYPE="boolean"&gt;
    &lt;VALUE&gt;True&lt;/VALUE&gt;
  &lt;/PROPERTY&gt;
  &lt;PROPERTY NAME="Name" TYPE="string"&gt;
    &lt;VALUE&gt;WinPE-WMI&lt;/VALUE&gt;
  &lt;/PROPERTY&gt;
  &lt;PROPERTY NAME="Size" TYPE="uint64"&gt;
    &lt;VALUE&gt;5942808&lt;/VALUE&gt;
  &lt;/PROPERTY&gt;
&lt;/INSTANCE&gt;</string>
</ArrayOfString>