<INSTANCE CLASSNAME="SMS_TaskSequencePackage">
  <QUALIFIER NAME="dynamic" PROPAGATED="true" TYPE="boolean" TOSUBCLASS="false" TOINSTANCE="true">
    <VALUE>TRUE</VALUE>
  </QUALIFIER>
  <QUALIFIER NAME="SecurityVerbs" TYPE="sint32" TOSUBCLASS="false">
    <VALUE>-1</VALUE>
  </QUALIFIER>
  <PROPERTY NAME="__PATH" CLASSORIGIN="___SYSTEM" TYPE="string">
    <VALUE>\\SC-CM-01\root\sms\site_KTC:SMS_TaskSequencePackage.PackageID="KTC0003D"</VALUE>
  </PROPERTY>
  <PROPERTY NAME="__NAMESPACE" CLASSORIGIN="___SYSTEM" TYPE="string">
    <VALUE>root\sms\site_KTC</VALUE>
  </PROPERTY>
  <PROPERTY NAME="__SERVER" CLASSORIGIN="___SYSTEM" TYPE="string">
    <VALUE>SC-CM-01</VALUE>
  </PROPERTY>
  <PROPERTY.ARRAY NAME="__DERIVATION" CLASSORIGIN="___SYSTEM" TYPE="string">
    <VALUE.ARRAY>
      <VALUE>SMS_PackageBaseclass</VALUE>
      <VALUE>SMS_BaseClass</VALUE>
    </VALUE.ARRAY>
  </PROPERTY.ARRAY>
  <PROPERTY NAME="__PROPERTY_COUNT" CLASSORIGIN="___SYSTEM" TYPE="sint32">
    <VALUE>78</VALUE>
  </PROPERTY>
  <PROPERTY NAME="__RELPATH" CLASSORIGIN="___SYSTEM" TYPE="string">
    <VALUE>SMS_TaskSequencePackage.PackageID="KTC0003D"</VALUE>
  </PROPERTY>
  <PROPERTY NAME="__DYNASTY" CLASSORIGIN="___SYSTEM" TYPE="string">
    <VALUE>SMS_BaseClass</VALUE>
  </PROPERTY>
  <PROPERTY NAME="__SUPERCLASS" CLASSORIGIN="___SYSTEM" TYPE="string">
    <VALUE>SMS_PackageBaseclass</VALUE>
  </PROPERTY>
  <PROPERTY NAME="__CLASS" CLASSORIGIN="___SYSTEM" TYPE="string">
    <VALUE>SMS_TaskSequencePackage</VALUE>
  </PROPERTY>
  <PROPERTY NAME="__GENUS" CLASSORIGIN="___SYSTEM" TYPE="sint32">
    <VALUE>2</VALUE>
  </PROPERTY>
  <PROPERTY NAME="ActionInProgress" CLASSORIGIN="SMS_PackageBaseclass" TYPE="uint32">
    <QUALIFIER NAME="CIMTYPE" PROPAGATED="true" TYPE="string" TOINSTANCE="true">
      <VALUE>uint32</VALUE>
    </QUALIFIER>
    <VALUE>1</VALUE>
  </PROPERTY>
  <PROPERTY NAME="AlternateContentProviders" CLASSORIGIN="SMS_PackageBaseclass" TYPE="string">
    <QUALIFIER NAME="CIMTYPE" PROPAGATED="true" TYPE="string" TOINSTANCE="true">
      <VALUE>string</VALUE>
    </QUALIFIER>
    <VALUE></VALUE>
  </PROPERTY>
  <PROPERTY NAME="BaseBoardProductID" CLASSORIGIN="SMS_PackageBaseclass" PROPAGATED="true" TYPE="string">
    <QUALIFIER NAME="CIMTYPE" PROPAGATED="true" TYPE="string" TOINSTANCE="true">
      <VALUE>string</VALUE>
    </QUALIFIER>
    <VALUE></VALUE>
  </PROPERTY>
  <PROPERTY NAME="BootImageID" CLASSORIGIN="SMS_TaskSequencePackage" TYPE="string">
    <QUALIFIER NAME="CIMTYPE" PROPAGATED="true" TYPE="string" TOINSTANCE="true">
      <VALUE>string</VALUE>
    </QUALIFIER>
    <VALUE>KTC00035</VALUE>
  </PROPERTY>
  <PROPERTY NAME="Category" CLASSORIGIN="SMS_TaskSequencePackage" TYPE="string">
    <QUALIFIER NAME="CIMTYPE" PROPAGATED="true" TYPE="string" TOINSTANCE="true">
      <VALUE>string</VALUE>
    </QUALIFIER>
    <VALUE></VALUE>
  </PROPERTY>
  <PROPERTY NAME="CustomHighImpactHeadline" CLASSORIGIN="SMS_TaskSequencePackage" TYPE="string">
    <QUALIFIER NAME="CIMTYPE" PROPAGATED="true" TYPE="string" TOINSTANCE="true">
      <VALUE>string</VALUE>
    </QUALIFIER>
    <VALUE></VALUE>
  </PROPERTY>
  <PROPERTY NAME="CustomHighImpactSet" CLASSORIGIN="SMS_TaskSequencePackage" TYPE="uint32">
    <QUALIFIER NAME="CIMTYPE" PROPAGATED="true" TYPE="string" TOINSTANCE="true">
      <VALUE>uint32</VALUE>
    </QUALIFIER>
    <VALUE>0</VALUE>
  </PROPERTY>
  <PROPERTY NAME="CustomHighImpactWarning" CLASSORIGIN="SMS_TaskSequencePackage" TYPE="string">
    <QUALIFIER NAME="CIMTYPE" PROPAGATED="true" TYPE="string" TOINSTANCE="true">
      <VALUE>string</VALUE>
    </QUALIFIER>
    <VALUE></VALUE>
  </PROPERTY>
  <PROPERTY NAME="CustomHighImpactWarningInstall" CLASSORIGIN="SMS_TaskSequencePackage" TYPE="string">
    <QUALIFIER NAME="CIMTYPE" PROPAGATED="true" TYPE="string" TOINSTANCE="true">
      <VALUE>string</VALUE>
    </QUALIFIER>
    <VALUE></VALUE>
  </PROPERTY>
  <PROPERTY NAME="CustomHighImpactWarningTop" CLASSORIGIN="SMS_TaskSequencePackage" TYPE="string">
    <QUALIFIER NAME="CIMTYPE" PROPAGATED="true" TYPE="string" TOINSTANCE="true">
      <VALUE>string</VALUE>
    </QUALIFIER>
    <VALUE></VALUE>
  </PROPERTY>
  <PROPERTY NAME="CustomProgressMsg" CLASSORIGIN="SMS_TaskSequencePackage" TYPE="string">
    <QUALIFIER NAME="CIMTYPE" PROPAGATED="true" TYPE="string" TOINSTANCE="true">
      <VALUE>string</VALUE>
    </QUALIFIER>
    <VALUE></VALUE>
  </PROPERTY>
  <PROPERTY NAME="DependentProgram" CLASSORIGIN="SMS_TaskSequencePackage" TYPE="string">
    <QUALIFIER NAME="CIMTYPE" PROPAGATED="true" TYPE="string" TOINSTANCE="true">
      <VALUE>string</VALUE>
    </QUALIFIER>
    <VALUE></VALUE>
  </PROPERTY>
  <PROPERTY NAME="Description" CLASSORIGIN="SMS_PackageBaseclass" TYPE="string">
    <QUALIFIER NAME="CIMTYPE" PROPAGATED="true" TYPE="string" TOINSTANCE="true">
      <VALUE>string</VALUE>
    </QUALIFIER>
    <VALUE></VALUE>
  </PROPERTY>
  <PROPERTY NAME="DriverManufacturer" CLASSORIGIN="SMS_PackageBaseclass" PROPAGATED="true" TYPE="string">
    <QUALIFIER NAME="CIMTYPE" PROPAGATED="true" TYPE="string" TOINSTANCE="true">
      <VALUE>string</VALUE>
    </QUALIFIER>
    <VALUE></VALUE>
  </PROPERTY>
  <PROPERTY NAME="DriverModel" CLASSORIGIN="SMS_PackageBaseclass" PROPAGATED="true" TYPE="string">
    <QUALIFIER NAME="CIMTYPE" PROPAGATED="true" TYPE="string" TOINSTANCE="true">
      <VALUE>string</VALUE>
    </QUALIFIER>
    <VALUE></VALUE>
  </PROPERTY>
  <PROPERTY NAME="DriverOSVersion" CLASSORIGIN="SMS_PackageBaseclass" PROPAGATED="true" TYPE="string">
    <QUALIFIER NAME="CIMTYPE" PROPAGATED="true" TYPE="string" TOINSTANCE="true">
      <VALUE>string</VALUE>
    </QUALIFIER>
    <VALUE></VALUE>
  </PROPERTY>
  <PROPERTY NAME="DriverPkgVersion" CLASSORIGIN="SMS_PackageBaseclass" PROPAGATED="true" TYPE="string">
    <QUALIFIER NAME="CIMTYPE" PROPAGATED="true" TYPE="string" TOINSTANCE="true">
      <VALUE>string</VALUE>
    </QUALIFIER>
    <VALUE></VALUE>
  </PROPERTY>
  <PROPERTY NAME="Duration" CLASSORIGIN="SMS_TaskSequencePackage" TYPE="uint32">
    <QUALIFIER NAME="CIMTYPE" PROPAGATED="true" TYPE="string" TOINSTANCE="true">
      <VALUE>uint32</VALUE>
    </QUALIFIER>
    <VALUE>360</VALUE>
  </PROPERTY>
  <PROPERTY NAME="EstimatedDownloadSizeMB" CLASSORIGIN="SMS_TaskSequencePackage" TYPE="uint32">
    <QUALIFIER NAME="CIMTYPE" PROPAGATED="true" TYPE="string" TOINSTANCE="true">
      <VALUE>uint32</VALUE>
    </QUALIFIER>
    <VALUE>0</VALUE>
  </PROPERTY>
  <PROPERTY NAME="EstimatedRunTimeMinutes" CLASSORIGIN="SMS_TaskSequencePackage" TYPE="uint32">
    <QUALIFIER NAME="CIMTYPE" PROPAGATED="true" TYPE="string" TOINSTANCE="true">
      <VALUE>uint32</VALUE>
    </QUALIFIER>
    <VALUE>0</VALUE>
  </PROPERTY>
  <PROPERTY.ARRAY NAME="ExtendedData" CLASSORIGIN="SMS_PackageBaseclass" TYPE="uint8">
    <QUALIFIER NAME="CIMTYPE" PROPAGATED="true" TYPE="string" TOINSTANCE="true">
      <VALUE>uint8</VALUE>
    </QUALIFIER>
  </PROPERTY.ARRAY>
  <PROPERTY NAME="ExtendedDataSize" CLASSORIGIN="SMS_PackageBaseclass" TYPE="uint32">
    <QUALIFIER NAME="CIMTYPE" PROPAGATED="true" TYPE="string" TOINSTANCE="true">
      <VALUE>uint32</VALUE>
    </QUALIFIER>
    <VALUE>0</VALUE>
  </PROPERTY>
  <PROPERTY NAME="ForcedDisconnectDelay" CLASSORIGIN="SMS_PackageBaseclass" TYPE="uint32">
    <QUALIFIER NAME="CIMTYPE" PROPAGATED="true" TYPE="string" TOINSTANCE="true">
      <VALUE>uint32</VALUE>
    </QUALIFIER>
    <VALUE>5</VALUE>
  </PROPERTY>
  <PROPERTY NAME="ForcedDisconnectEnabled" CLASSORIGIN="SMS_PackageBaseclass" TYPE="boolean">
    <QUALIFIER NAME="CIMTYPE" PROPAGATED="true" TYPE="string" TOINSTANCE="true">
      <VALUE>boolean</VALUE>
    </QUALIFIER>
    <VALUE>FALSE</VALUE>
  </PROPERTY>
  <PROPERTY NAME="ForcedDisconnectNumRetries" CLASSORIGIN="SMS_PackageBaseclass" TYPE="uint32">
    <QUALIFIER NAME="CIMTYPE" PROPAGATED="true" TYPE="string" TOINSTANCE="true">
      <VALUE>uint32</VALUE>
    </QUALIFIER>
    <VALUE>2</VALUE>
  </PROPERTY>
  <PROPERTY NAME="HighImpactTaskSequence" CLASSORIGIN="SMS_TaskSequencePackage" TYPE="uint32">
    <QUALIFIER NAME="CIMTYPE" PROPAGATED="true" TYPE="string" TOINSTANCE="true">
      <VALUE>uint32</VALUE>
    </QUALIFIER>
    <VALUE>0</VALUE>
  </PROPERTY>
  <PROPERTY.ARRAY NAME="Icon" CLASSORIGIN="SMS_PackageBaseclass" TYPE="uint8">
    <QUALIFIER NAME="CIMTYPE" PROPAGATED="true" TYPE="string" TOINSTANCE="true">
      <VALUE>uint8</VALUE>
    </QUALIFIER>
  </PROPERTY.ARRAY>
  <PROPERTY NAME="IconSize" CLASSORIGIN="SMS_PackageBaseclass" TYPE="uint32">
    <QUALIFIER NAME="CIMTYPE" PROPAGATED="true" TYPE="string" TOINSTANCE="true">
      <VALUE>uint32</VALUE>
    </QUALIFIER>
    <VALUE>0</VALUE>
  </PROPERTY>
  <PROPERTY NAME="IgnoreAddressSchedule" CLASSORIGIN="SMS_PackageBaseclass" TYPE="boolean">
    <QUALIFIER NAME="CIMTYPE" PROPAGATED="true" TYPE="string" TOINSTANCE="true">
      <VALUE>boolean</VALUE>
    </QUALIFIER>
    <VALUE>FALSE</VALUE>
  </PROPERTY>
  <PROPERTY.ARRAY NAME="ISVData" CLASSORIGIN="SMS_PackageBaseclass" TYPE="uint8">
    <QUALIFIER NAME="CIMTYPE" PROPAGATED="true" TYPE="string" TOINSTANCE="true">
      <VALUE>uint8</VALUE>
    </QUALIFIER>
  </PROPERTY.ARRAY>
  <PROPERTY NAME="ISVDataSize" CLASSORIGIN="SMS_PackageBaseclass" TYPE="uint32">
    <QUALIFIER NAME="CIMTYPE" PROPAGATED="true" TYPE="string" TOINSTANCE="true">
      <VALUE>uint32</VALUE>
    </QUALIFIER>
    <VALUE>0</VALUE>
  </PROPERTY>
  <PROPERTY NAME="IsVersionCompatible" CLASSORIGIN="SMS_PackageBaseclass" PROPAGATED="true" TYPE="boolean">
    <QUALIFIER NAME="CIMTYPE" PROPAGATED="true" TYPE="string" TOINSTANCE="true">
      <VALUE>boolean</VALUE>
    </QUALIFIER>
  </PROPERTY>
  <PROPERTY NAME="ISVString" CLASSORIGIN="SMS_PackageBaseclass" TYPE="string">
    <QUALIFIER NAME="CIMTYPE" PROPAGATED="true" TYPE="string" TOINSTANCE="true">
      <VALUE>string</VALUE>
    </QUALIFIER>
    <VALUE></VALUE>
  </PROPERTY>
  <PROPERTY NAME="Language" CLASSORIGIN="SMS_PackageBaseclass" TYPE="string">
    <QUALIFIER NAME="CIMTYPE" PROPAGATED="true" TYPE="string" TOINSTANCE="true">
      <VALUE>string</VALUE>
    </QUALIFIER>
    <VALUE></VALUE>
  </PROPERTY>
  <PROPERTY NAME="LastRefreshTime" CLASSORIGIN="SMS_PackageBaseclass" TYPE="datetime">
    <QUALIFIER NAME="CIMTYPE" PROPAGATED="true" TYPE="string" TOINSTANCE="true">
      <VALUE>datetime</VALUE>
    </QUALIFIER>
    <VALUE>20210608133711.000000+000</VALUE>
  </PROPERTY>
  <PROPERTY.ARRAY NAME="LocalizedCategoryInstanceNames" CLASSORIGIN="SMS_PackageBaseclass" PROPAGATED="true" TYPE="string">
    <QUALIFIER NAME="CIMTYPE" PROPAGATED="true" TYPE="string" TOINSTANCE="true">
      <VALUE>string</VALUE>
    </QUALIFIER>
  </PROPERTY.ARRAY>
  <PROPERTY NAME="LocalizedTaskSequenceDescription" CLASSORIGIN="SMS_TaskSequencePackage" TYPE="string">
    <QUALIFIER NAME="CIMTYPE" PROPAGATED="true" TYPE="string" TOINSTANCE="true">
      <VALUE>string</VALUE>
    </QUALIFIER>
    <VALUE></VALUE>
  </PROPERTY>
  <PROPERTY NAME="LocalizedTaskSequenceName" CLASSORIGIN="SMS_TaskSequencePackage" TYPE="string">
    <QUALIFIER NAME="CIMTYPE" PROPAGATED="true" TYPE="string" TOINSTANCE="true">
      <VALUE>string</VALUE>
    </QUALIFIER>
    <VALUE></VALUE>
  </PROPERTY>
  <PROPERTY NAME="Manufacturer" CLASSORIGIN="SMS_PackageBaseclass" TYPE="string">
    <QUALIFIER NAME="CIMTYPE" PROPAGATED="true" TYPE="string" TOINSTANCE="true">
      <VALUE>string</VALUE>
    </QUALIFIER>
    <VALUE></VALUE>
  </PROPERTY>
  <PROPERTY NAME="MIFFilename" CLASSORIGIN="SMS_PackageBaseclass" TYPE="string">
    <QUALIFIER NAME="CIMTYPE" PROPAGATED="true" TYPE="string" TOINSTANCE="true">
      <VALUE>string</VALUE>
    </QUALIFIER>
    <VALUE></VALUE>
  </PROPERTY>
  <PROPERTY NAME="MIFName" CLASSORIGIN="SMS_PackageBaseclass" TYPE="string">
    <QUALIFIER NAME="CIMTYPE" PROPAGATED="true" TYPE="string" TOINSTANCE="true">
      <VALUE>string</VALUE>
    </QUALIFIER>
    <VALUE></VALUE>
  </PROPERTY>
  <PROPERTY NAME="MIFPublisher" CLASSORIGIN="SMS_PackageBaseclass" TYPE="string">
    <QUALIFIER NAME="CIMTYPE" PROPAGATED="true" TYPE="string" TOINSTANCE="true">
      <VALUE>string</VALUE>
    </QUALIFIER>
    <VALUE></VALUE>
  </PROPERTY>
  <PROPERTY NAME="MIFVersion" CLASSORIGIN="SMS_PackageBaseclass" TYPE="string">
    <QUALIFIER NAME="CIMTYPE" PROPAGATED="true" TYPE="string" TOINSTANCE="true">
      <VALUE>string</VALUE>
    </QUALIFIER>
    <VALUE></VALUE>
  </PROPERTY>
  <PROPERTY NAME="Name" CLASSORIGIN="SMS_PackageBaseclass" TYPE="string">
    <QUALIFIER NAME="CIMTYPE" PROPAGATED="true" TYPE="string" TOINSTANCE="true">
      <VALUE>string</VALUE>
    </QUALIFIER>
    <VALUE>Windows 10 - CMG-</VALUE>
  </PROPERTY>
  <PROPERTY NAME="NumOfPrograms" CLASSORIGIN="SMS_PackageBaseclass" PROPAGATED="true" TYPE="uint32">
    <QUALIFIER NAME="CIMTYPE" PROPAGATED="true" TYPE="string" TOINSTANCE="true">
      <VALUE>uint32</VALUE>
    </QUALIFIER>
  </PROPERTY>
  <PROPERTY NAME="ObjectPath" CLASSORIGIN="SMS_PackageBaseclass" TYPE="string">
    <QUALIFIER NAME="CIMTYPE" PROPAGATED="true" TYPE="string" TOINSTANCE="true">
      <VALUE>string</VALUE>
    </QUALIFIER>
  </PROPERTY>
  <PROPERTY NAME="PackageID" CLASSORIGIN="SMS_PackageBaseclass" TYPE="string">
    <QUALIFIER NAME="CIMTYPE" PROPAGATED="true" TYPE="string" TOINSTANCE="true">
      <VALUE>string</VALUE>
    </QUALIFIER>
    <QUALIFIER NAME="key" PROPAGATED="true" TYPE="boolean" OVERRIDABLE="false" TOINSTANCE="true">
      <VALUE>TRUE</VALUE>
    </QUALIFIER>
    <VALUE>KTC0003D</VALUE>
  </PROPERTY>
  <PROPERTY NAME="PackageSize" CLASSORIGIN="SMS_PackageBaseclass" PROPAGATED="true" TYPE="uint32">
    <QUALIFIER NAME="CIMTYPE" PROPAGATED="true" TYPE="string" TOINSTANCE="true">
      <VALUE>uint32</VALUE>
    </QUALIFIER>
  </PROPERTY>
  <PROPERTY NAME="PackageType" CLASSORIGIN="SMS_PackageBaseclass" TYPE="uint32">
    <QUALIFIER NAME="CIMTYPE" PROPAGATED="true" TYPE="string" TOINSTANCE="true">
      <VALUE>uint32</VALUE>
    </QUALIFIER>
    <VALUE>4</VALUE>
  </PROPERTY>
  <PROPERTY NAME="PkgFlags" CLASSORIGIN="SMS_PackageBaseclass" TYPE="uint32">
    <QUALIFIER NAME="CIMTYPE" PROPAGATED="true" TYPE="string" TOINSTANCE="true">
      <VALUE>uint32</VALUE>
    </QUALIFIER>
    <VALUE>0</VALUE>
  </PROPERTY>
  <PROPERTY NAME="PkgSourceFlag" CLASSORIGIN="SMS_PackageBaseclass" TYPE="uint32">
    <QUALIFIER NAME="CIMTYPE" PROPAGATED="true" TYPE="string" TOINSTANCE="true">
      <VALUE>uint32</VALUE>
    </QUALIFIER>
    <VALUE>1</VALUE>
  </PROPERTY>
  <PROPERTY NAME="PkgSourcePath" CLASSORIGIN="SMS_PackageBaseclass" PROPAGATED="true" TYPE="string">
    <QUALIFIER NAME="CIMTYPE" PROPAGATED="true" TYPE="string" TOINSTANCE="true">
      <VALUE>string</VALUE>
    </QUALIFIER>
    <VALUE></VALUE>
  </PROPERTY>
  <PROPERTY NAME="PreDownloadRule" CLASSORIGIN="SMS_PackageBaseclass" TYPE="string">
    <QUALIFIER NAME="CIMTYPE" PROPAGATED="true" TYPE="string" TOINSTANCE="true">
      <VALUE>string</VALUE>
    </QUALIFIER>
    <VALUE></VALUE>
  </PROPERTY>
  <PROPERTY NAME="PreferredAddressType" CLASSORIGIN="SMS_PackageBaseclass" TYPE="string">
    <QUALIFIER NAME="CIMTYPE" PROPAGATED="true" TYPE="string" TOINSTANCE="true">
      <VALUE>string</VALUE>
    </QUALIFIER>
    <VALUE></VALUE>
  </PROPERTY>
  <PROPERTY NAME="Priority" CLASSORIGIN="SMS_PackageBaseclass" TYPE="uint32">
    <QUALIFIER NAME="CIMTYPE" PROPAGATED="true" TYPE="string" TOINSTANCE="true">
      <VALUE>uint32</VALUE>
    </QUALIFIER>
    <VALUE>2</VALUE>
  </PROPERTY>
  <PROPERTY NAME="ProgramFlags" CLASSORIGIN="SMS_TaskSequencePackage" TYPE="uint32">
    <QUALIFIER NAME="CIMTYPE" PROPAGATED="true" TYPE="string" TOINSTANCE="true">
      <VALUE>uint32</VALUE>
    </QUALIFIER>
    <VALUE>152084500</VALUE>
  </PROPERTY>
  <PROPERTY.OBJECTARRAY NAME="References" CLASSORIGIN="SMS_TaskSequencePackage" REFERENCECLASS="SMS_TaskSequence_Reference">
    <QUALIFIER NAME="CIMTYPE" PROPAGATED="true" TYPE="string" TOINSTANCE="true">
      <VALUE>object:SMS_TaskSequence_Reference</VALUE>
    </QUALIFIER>
    <VALUE.OBJECTARRAY>
      <VALUE.OBJECT>
        <INSTANCE CLASSNAME="SMS_TaskSequence_Reference">
          <PROPERTY NAME="__PATH" CLASSORIGIN="___SYSTEM" TYPE="string"></PROPERTY>
          <PROPERTY NAME="__NAMESPACE" CLASSORIGIN="___SYSTEM" TYPE="string"></PROPERTY>
          <PROPERTY NAME="__SERVER" CLASSORIGIN="___SYSTEM" TYPE="string"></PROPERTY>
          <PROPERTY.ARRAY NAME="__DERIVATION" CLASSORIGIN="___SYSTEM" TYPE="string">
            <VALUE.ARRAY></VALUE.ARRAY>
          </PROPERTY.ARRAY>
          <PROPERTY NAME="__PROPERTY_COUNT" CLASSORIGIN="___SYSTEM" TYPE="sint32">
            <VALUE>3</VALUE>
          </PROPERTY>
          <PROPERTY NAME="__RELPATH" CLASSORIGIN="___SYSTEM" TYPE="string"></PROPERTY>
          <PROPERTY NAME="__DYNASTY" CLASSORIGIN="___SYSTEM" TYPE="string">
            <VALUE>SMS_TaskSequence_Reference</VALUE>
          </PROPERTY>
          <PROPERTY NAME="__SUPERCLASS" CLASSORIGIN="___SYSTEM" TYPE="string"></PROPERTY>
          <PROPERTY NAME="__CLASS" CLASSORIGIN="___SYSTEM" TYPE="string">
            <VALUE>SMS_TaskSequence_Reference</VALUE>
          </PROPERTY>
          <PROPERTY NAME="__GENUS" CLASSORIGIN="___SYSTEM" TYPE="sint32">
            <VALUE>2</VALUE>
          </PROPERTY>
          <PROPERTY NAME="Package" CLASSORIGIN="SMS_TaskSequence_Reference" TYPE="string">
            <QUALIFIER NAME="CIMTYPE" PROPAGATED="true" TYPE="string" TOINSTANCE="true">
              <VALUE>string</VALUE>
            </QUALIFIER>
            <VALUE>KTC00004</VALUE>
          </PROPERTY>
          <PROPERTY NAME="Program" CLASSORIGIN="SMS_TaskSequence_Reference" TYPE="string">
            <QUALIFIER NAME="CIMTYPE" PROPAGATED="true" TYPE="string" TOINSTANCE="true">
              <VALUE>string</VALUE>
            </QUALIFIER>
            <VALUE>*</VALUE>
          </PROPERTY>
          <PROPERTY NAME="Type" CLASSORIGIN="SMS_TaskSequence_Reference" TYPE="uint32">
            <QUALIFIER NAME="CIMTYPE" PROPAGATED="true" TYPE="string" TOINSTANCE="true">
              <VALUE>uint32</VALUE>
            </QUALIFIER>
            <VALUE>0</VALUE>
          </PROPERTY>
        </INSTANCE>
      </VALUE.OBJECT>
      <VALUE.OBJECT>
        <INSTANCE CLASSNAME="SMS_TaskSequence_Reference">
          <PROPERTY NAME="__PATH" CLASSORIGIN="___SYSTEM" TYPE="string"></PROPERTY>
          <PROPERTY NAME="__NAMESPACE" CLASSORIGIN="___SYSTEM" TYPE="string"></PROPERTY>
          <PROPERTY NAME="__SERVER" CLASSORIGIN="___SYSTEM" TYPE="string"></PROPERTY>
          <PROPERTY.ARRAY NAME="__DERIVATION" CLASSORIGIN="___SYSTEM" TYPE="string">
            <VALUE.ARRAY></VALUE.ARRAY>
          </PROPERTY.ARRAY>
          <PROPERTY NAME="__PROPERTY_COUNT" CLASSORIGIN="___SYSTEM" TYPE="sint32">
            <VALUE>3</VALUE>
          </PROPERTY>
          <PROPERTY NAME="__RELPATH" CLASSORIGIN="___SYSTEM" TYPE="string"></PROPERTY>
          <PROPERTY NAME="__DYNASTY" CLASSORIGIN="___SYSTEM" TYPE="string">
            <VALUE>SMS_TaskSequence_Reference</VALUE>
          </PROPERTY>
          <PROPERTY NAME="__SUPERCLASS" CLASSORIGIN="___SYSTEM" TYPE="string"></PROPERTY>
          <PROPERTY NAME="__CLASS" CLASSORIGIN="___SYSTEM" TYPE="string">
            <VALUE>SMS_TaskSequence_Reference</VALUE>
          </PROPERTY>
          <PROPERTY NAME="__GENUS" CLASSORIGIN="___SYSTEM" TYPE="sint32">
            <VALUE>2</VALUE>
          </PROPERTY>
          <PROPERTY NAME="Package" CLASSORIGIN="SMS_TaskSequence_Reference" TYPE="string">
            <QUALIFIER NAME="CIMTYPE" PROPAGATED="true" TYPE="string" TOINSTANCE="true">
              <VALUE>string</VALUE>
            </QUALIFIER>
            <VALUE>KTC00035</VALUE>
          </PROPERTY>
          <PROPERTY NAME="Program" CLASSORIGIN="SMS_TaskSequence_Reference" TYPE="string">
            <QUALIFIER NAME="CIMTYPE" PROPAGATED="true" TYPE="string" TOINSTANCE="true">
              <VALUE>string</VALUE>
            </QUALIFIER>
            <VALUE>*</VALUE>
          </PROPERTY>
          <PROPERTY NAME="Type" CLASSORIGIN="SMS_TaskSequence_Reference" TYPE="uint32">
            <QUALIFIER NAME="CIMTYPE" PROPAGATED="true" TYPE="string" TOINSTANCE="true">
              <VALUE>uint32</VALUE>
            </QUALIFIER>
            <VALUE>0</VALUE>
          </PROPERTY>
        </INSTANCE>
      </VALUE.OBJECT>
      <VALUE.OBJECT>
        <INSTANCE CLASSNAME="SMS_TaskSequence_Reference">
          <PROPERTY NAME="__PATH" CLASSORIGIN="___SYSTEM" TYPE="string"></PROPERTY>
          <PROPERTY NAME="__NAMESPACE" CLASSORIGIN="___SYSTEM" TYPE="string"></PROPERTY>
          <PROPERTY NAME="__SERVER" CLASSORIGIN="___SYSTEM" TYPE="string"></PROPERTY>
          <PROPERTY.ARRAY NAME="__DERIVATION" CLASSORIGIN="___SYSTEM" TYPE="string">
            <VALUE.ARRAY></VALUE.ARRAY>
          </PROPERTY.ARRAY>
          <PROPERTY NAME="__PROPERTY_COUNT" CLASSORIGIN="___SYSTEM" TYPE="sint32">
            <VALUE>3</VALUE>
          </PROPERTY>
          <PROPERTY NAME="__RELPATH" CLASSORIGIN="___SYSTEM" TYPE="string"></PROPERTY>
          <PROPERTY NAME="__DYNASTY" CLASSORIGIN="___SYSTEM" TYPE="string">
            <VALUE>SMS_TaskSequence_Reference</VALUE>
          </PROPERTY>
          <PROPERTY NAME="__SUPERCLASS" CLASSORIGIN="___SYSTEM" TYPE="string"></PROPERTY>
          <PROPERTY NAME="__CLASS" CLASSORIGIN="___SYSTEM" TYPE="string">
            <VALUE>SMS_TaskSequence_Reference</VALUE>
          </PROPERTY>
          <PROPERTY NAME="__GENUS" CLASSORIGIN="___SYSTEM" TYPE="sint32">
            <VALUE>2</VALUE>
          </PROPERTY>
          <PROPERTY NAME="Package" CLASSORIGIN="SMS_TaskSequence_Reference" TYPE="string">
            <QUALIFIER NAME="CIMTYPE" PROPAGATED="true" TYPE="string" TOINSTANCE="true">
              <VALUE>string</VALUE>
            </QUALIFIER>
            <VALUE>KTC00037</VALUE>
          </PROPERTY>
          <PROPERTY NAME="Program" CLASSORIGIN="SMS_TaskSequence_Reference" TYPE="string">
            <QUALIFIER NAME="CIMTYPE" PROPAGATED="true" TYPE="string" TOINSTANCE="true">
              <VALUE>string</VALUE>
            </QUALIFIER>
            <VALUE>*</VALUE>
          </PROPERTY>
          <PROPERTY NAME="Type" CLASSORIGIN="SMS_TaskSequence_Reference" TYPE="uint32">
            <QUALIFIER NAME="CIMTYPE" PROPAGATED="true" TYPE="string" TOINSTANCE="true">
              <VALUE>uint32</VALUE>
            </QUALIFIER>
            <VALUE>0</VALUE>
          </PROPERTY>
        </INSTANCE>
      </VALUE.OBJECT>
      <VALUE.OBJECT>
        <INSTANCE CLASSNAME="SMS_TaskSequence_Reference">
          <PROPERTY NAME="__PATH" CLASSORIGIN="___SYSTEM" TYPE="string"></PROPERTY>
          <PROPERTY NAME="__NAMESPACE" CLASSORIGIN="___SYSTEM" TYPE="string"></PROPERTY>
          <PROPERTY NAME="__SERVER" CLASSORIGIN="___SYSTEM" TYPE="string"></PROPERTY>
          <PROPERTY.ARRAY NAME="__DERIVATION" CLASSORIGIN="___SYSTEM" TYPE="string">
            <VALUE.ARRAY></VALUE.ARRAY>
          </PROPERTY.ARRAY>
          <PROPERTY NAME="__PROPERTY_COUNT" CLASSORIGIN="___SYSTEM" TYPE="sint32">
            <VALUE>3</VALUE>
          </PROPERTY>
          <PROPERTY NAME="__RELPATH" CLASSORIGIN="___SYSTEM" TYPE="string"></PROPERTY>
          <PROPERTY NAME="__DYNASTY" CLASSORIGIN="___SYSTEM" TYPE="string">
            <VALUE>SMS_TaskSequence_Reference</VALUE>
          </PROPERTY>
          <PROPERTY NAME="__SUPERCLASS" CLASSORIGIN="___SYSTEM" TYPE="string"></PROPERTY>
          <PROPERTY NAME="__CLASS" CLASSORIGIN="___SYSTEM" TYPE="string">
            <VALUE>SMS_TaskSequence_Reference</VALUE>
          </PROPERTY>
          <PROPERTY NAME="__GENUS" CLASSORIGIN="___SYSTEM" TYPE="sint32">
            <VALUE>2</VALUE>
          </PROPERTY>
          <PROPERTY NAME="Package" CLASSORIGIN="SMS_TaskSequence_Reference" TYPE="string">
            <QUALIFIER NAME="CIMTYPE" PROPAGATED="true" TYPE="string" TOINSTANCE="true">
              <VALUE>string</VALUE>
            </QUALIFIER>
            <VALUE>KTC00038</VALUE>
          </PROPERTY>
          <PROPERTY NAME="Program" CLASSORIGIN="SMS_TaskSequence_Reference" TYPE="string">
            <QUALIFIER NAME="CIMTYPE" PROPAGATED="true" TYPE="string" TOINSTANCE="true">
              <VALUE>string</VALUE>
            </QUALIFIER>
            <VALUE>*</VALUE>
          </PROPERTY>
          <PROPERTY NAME="Type" CLASSORIGIN="SMS_TaskSequence_Reference" TYPE="uint32">
            <QUALIFIER NAME="CIMTYPE" PROPAGATED="true" TYPE="string" TOINSTANCE="true">
              <VALUE>uint32</VALUE>
            </QUALIFIER>
            <VALUE>0</VALUE>
          </PROPERTY>
        </INSTANCE>
      </VALUE.OBJECT>
      <VALUE.OBJECT>
        <INSTANCE CLASSNAME="SMS_TaskSequence_Reference">
          <PROPERTY NAME="__PATH" CLASSORIGIN="___SYSTEM" TYPE="string"></PROPERTY>
          <PROPERTY NAME="__NAMESPACE" CLASSORIGIN="___SYSTEM" TYPE="string"></PROPERTY>
          <PROPERTY NAME="__SERVER" CLASSORIGIN="___SYSTEM" TYPE="string"></PROPERTY>
          <PROPERTY.ARRAY NAME="__DERIVATION" CLASSORIGIN="___SYSTEM" TYPE="string">
            <VALUE.ARRAY></VALUE.ARRAY>
          </PROPERTY.ARRAY>
          <PROPERTY NAME="__PROPERTY_COUNT" CLASSORIGIN="___SYSTEM" TYPE="sint32">
            <VALUE>3</VALUE>
          </PROPERTY>
          <PROPERTY NAME="__RELPATH" CLASSORIGIN="___SYSTEM" TYPE="string"></PROPERTY>
          <PROPERTY NAME="__DYNASTY" CLASSORIGIN="___SYSTEM" TYPE="string">
            <VALUE>SMS_TaskSequence_Reference</VALUE>
          </PROPERTY>
          <PROPERTY NAME="__SUPERCLASS" CLASSORIGIN="___SYSTEM" TYPE="string"></PROPERTY>
          <PROPERTY NAME="__CLASS" CLASSORIGIN="___SYSTEM" TYPE="string">
            <VALUE>SMS_TaskSequence_Reference</VALUE>
          </PROPERTY>
          <PROPERTY NAME="__GENUS" CLASSORIGIN="___SYSTEM" TYPE="sint32">
            <VALUE>2</VALUE>
          </PROPERTY>
          <PROPERTY NAME="Package" CLASSORIGIN="SMS_TaskSequence_Reference" TYPE="string">
            <QUALIFIER NAME="CIMTYPE" PROPAGATED="true" TYPE="string" TOINSTANCE="true">
              <VALUE>string</VALUE>
            </QUALIFIER>
            <VALUE>KTC0003A</VALUE>
          </PROPERTY>
          <PROPERTY NAME="Program" CLASSORIGIN="SMS_TaskSequence_Reference" TYPE="string">
            <QUALIFIER NAME="CIMTYPE" PROPAGATED="true" TYPE="string" TOINSTANCE="true">
              <VALUE>string</VALUE>
            </QUALIFIER>
            <VALUE>*</VALUE>
          </PROPERTY>
          <PROPERTY NAME="Type" CLASSORIGIN="SMS_TaskSequence_Reference" TYPE="uint32">
            <QUALIFIER NAME="CIMTYPE" PROPAGATED="true" TYPE="string" TOINSTANCE="true">
              <VALUE>uint32</VALUE>
            </QUALIFIER>
            <VALUE>0</VALUE>
          </PROPERTY>
        </INSTANCE>
      </VALUE.OBJECT>
      <VALUE.OBJECT>
        <INSTANCE CLASSNAME="SMS_TaskSequence_Reference">
          <PROPERTY NAME="__PATH" CLASSORIGIN="___SYSTEM" TYPE="string"></PROPERTY>
          <PROPERTY NAME="__NAMESPACE" CLASSORIGIN="___SYSTEM" TYPE="string"></PROPERTY>
          <PROPERTY NAME="__SERVER" CLASSORIGIN="___SYSTEM" TYPE="string"></PROPERTY>
          <PROPERTY.ARRAY NAME="__DERIVATION" CLASSORIGIN="___SYSTEM" TYPE="string">
            <VALUE.ARRAY></VALUE.ARRAY>
          </PROPERTY.ARRAY>
          <PROPERTY NAME="__PROPERTY_COUNT" CLASSORIGIN="___SYSTEM" TYPE="sint32">
            <VALUE>3</VALUE>
          </PROPERTY>
          <PROPERTY NAME="__RELPATH" CLASSORIGIN="___SYSTEM" TYPE="string"></PROPERTY>
          <PROPERTY NAME="__DYNASTY" CLASSORIGIN="___SYSTEM" TYPE="string">
            <VALUE>SMS_TaskSequence_Reference</VALUE>
          </PROPERTY>
          <PROPERTY NAME="__SUPERCLASS" CLASSORIGIN="___SYSTEM" TYPE="string"></PROPERTY>
          <PROPERTY NAME="__CLASS" CLASSORIGIN="___SYSTEM" TYPE="string">
            <VALUE>SMS_TaskSequence_Reference</VALUE>
          </PROPERTY>
          <PROPERTY NAME="__GENUS" CLASSORIGIN="___SYSTEM" TYPE="sint32">
            <VALUE>2</VALUE>
          </PROPERTY>
          <PROPERTY NAME="Package" CLASSORIGIN="SMS_TaskSequence_Reference" TYPE="string">
            <QUALIFIER NAME="CIMTYPE" PROPAGATED="true" TYPE="string" TOINSTANCE="true">
              <VALUE>string</VALUE>
            </QUALIFIER>
            <VALUE>KTC0003B</VALUE>
          </PROPERTY>
          <PROPERTY NAME="Program" CLASSORIGIN="SMS_TaskSequence_Reference" TYPE="string">
            <QUALIFIER NAME="CIMTYPE" PROPAGATED="true" TYPE="string" TOINSTANCE="true">
              <VALUE>string</VALUE>
            </QUALIFIER>
            <VALUE>*</VALUE>
          </PROPERTY>
          <PROPERTY NAME="Type" CLASSORIGIN="SMS_TaskSequence_Reference" TYPE="uint32">
            <QUALIFIER NAME="CIMTYPE" PROPAGATED="true" TYPE="string" TOINSTANCE="true">
              <VALUE>uint32</VALUE>
            </QUALIFIER>
            <VALUE>0</VALUE>
          </PROPERTY>
        </INSTANCE>
      </VALUE.OBJECT>
      <VALUE.OBJECT>
        <INSTANCE CLASSNAME="SMS_TaskSequence_Reference">
          <PROPERTY NAME="__PATH" CLASSORIGIN="___SYSTEM" TYPE="string"></PROPERTY>
          <PROPERTY NAME="__NAMESPACE" CLASSORIGIN="___SYSTEM" TYPE="string"></PROPERTY>
          <PROPERTY NAME="__SERVER" CLASSORIGIN="___SYSTEM" TYPE="string"></PROPERTY>
          <PROPERTY.ARRAY NAME="__DERIVATION" CLASSORIGIN="___SYSTEM" TYPE="string">
            <VALUE.ARRAY></VALUE.ARRAY>
          </PROPERTY.ARRAY>
          <PROPERTY NAME="__PROPERTY_COUNT" CLASSORIGIN="___SYSTEM" TYPE="sint32">
            <VALUE>3</VALUE>
          </PROPERTY>
          <PROPERTY NAME="__RELPATH" CLASSORIGIN="___SYSTEM" TYPE="string"></PROPERTY>
          <PROPERTY NAME="__DYNASTY" CLASSORIGIN="___SYSTEM" TYPE="string">
            <VALUE>SMS_TaskSequence_Reference</VALUE>
          </PROPERTY>
          <PROPERTY NAME="__SUPERCLASS" CLASSORIGIN="___SYSTEM" TYPE="string"></PROPERTY>
          <PROPERTY NAME="__CLASS" CLASSORIGIN="___SYSTEM" TYPE="string">
            <VALUE>SMS_TaskSequence_Reference</VALUE>
          </PROPERTY>
          <PROPERTY NAME="__GENUS" CLASSORIGIN="___SYSTEM" TYPE="sint32">
            <VALUE>2</VALUE>
          </PROPERTY>
          <PROPERTY NAME="Package" CLASSORIGIN="SMS_TaskSequence_Reference" TYPE="string">
            <QUALIFIER NAME="CIMTYPE" PROPAGATED="true" TYPE="string" TOINSTANCE="true">
              <VALUE>string</VALUE>
            </QUALIFIER>
            <VALUE>KTC0003C</VALUE>
          </PROPERTY>
          <PROPERTY NAME="Program" CLASSORIGIN="SMS_TaskSequence_Reference" TYPE="string">
            <QUALIFIER NAME="CIMTYPE" PROPAGATED="true" TYPE="string" TOINSTANCE="true">
              <VALUE>string</VALUE>
            </QUALIFIER>
            <VALUE>*</VALUE>
          </PROPERTY>
          <PROPERTY NAME="Type" CLASSORIGIN="SMS_TaskSequence_Reference" TYPE="uint32">
            <QUALIFIER NAME="CIMTYPE" PROPAGATED="true" TYPE="string" TOINSTANCE="true">
              <VALUE>uint32</VALUE>
            </QUALIFIER>
            <VALUE>0</VALUE>
          </PROPERTY>
        </INSTANCE>
      </VALUE.OBJECT>
    </VALUE.OBJECTARRAY>
  </PROPERTY.OBJECTARRAY>
  <PROPERTY NAME="ReferencesCount" CLASSORIGIN="SMS_TaskSequencePackage" TYPE="uint32">
    <QUALIFIER NAME="CIMTYPE" PROPAGATED="true" TYPE="string" TOINSTANCE="true">
      <VALUE>uint32</VALUE>
    </QUALIFIER>
    <VALUE>0</VALUE>
  </PROPERTY>
  <PROPERTY NAME="RefreshPkgSourceFlag" CLASSORIGIN="SMS_PackageBaseclass" TYPE="boolean">
    <QUALIFIER NAME="CIMTYPE" PROPAGATED="true" TYPE="string" TOINSTANCE="true">
      <VALUE>boolean</VALUE>
    </QUALIFIER>
    <VALUE>FALSE</VALUE>
  </PROPERTY>
  <PROPERTY.OBJECTARRAY NAME="RefreshSchedule" CLASSORIGIN="SMS_PackageBaseclass" REFERENCECLASS="SMS_ScheduleToken">
    <QUALIFIER NAME="CIMTYPE" PROPAGATED="true" TYPE="string" TOINSTANCE="true">
      <VALUE>object:SMS_ScheduleToken</VALUE>
    </QUALIFIER>
  </PROPERTY.OBJECTARRAY>
  <PROPERTY NAME="Reserved" CLASSORIGIN="SMS_TaskSequencePackage" TYPE="string">
    <QUALIFIER NAME="CIMTYPE" PROPAGATED="true" TYPE="string" TOINSTANCE="true">
      <VALUE>string</VALUE>
    </QUALIFIER>
  </PROPERTY>
  <PROPERTY NAME="RestartRequired" CLASSORIGIN="SMS_TaskSequencePackage" TYPE="uint32">
    <QUALIFIER NAME="CIMTYPE" PROPAGATED="true" TYPE="string" TOINSTANCE="true">
      <VALUE>uint32</VALUE>
    </QUALIFIER>
    <VALUE>0</VALUE>
  </PROPERTY>
  <PROPERTY.ARRAY NAME="SecuredScopeNames" CLASSORIGIN="SMS_PackageBaseclass" TYPE="string">
    <QUALIFIER NAME="CIMTYPE" PROPAGATED="true" TYPE="string" TOINSTANCE="true">
      <VALUE>string</VALUE>
    </QUALIFIER>
    <VALUE.ARRAY>
      <VALUE>Default</VALUE>
    </VALUE.ARRAY>
  </PROPERTY.ARRAY>
  <PROPERTY NAME="SedoObjectVersion" CLASSORIGIN="SMS_PackageBaseclass" TYPE="string">
    <QUALIFIER NAME="CIMTYPE" PROPAGATED="true" TYPE="string" TOINSTANCE="true">
      <VALUE>string</VALUE>
    </QUALIFIER>
    <VALUE>FD8CE967-0804-468F-9373-77235E76AF17</VALUE>
  </PROPERTY>
  <PROPERTY NAME="Sequence" CLASSORIGIN="SMS_TaskSequencePackage" TYPE="string">
    <QUALIFIER NAME="CIMTYPE" PROPAGATED="true" TYPE="string" TOINSTANCE="true">
      <VALUE>string</VALUE>
    </QUALIFIER>
    <VALUE><![CDATA[<sequence version="3.10"><referenceList><reference package="KTC00037"/><reference package="KTC0003B" program="*"/><reference package="KTC00004"/><reference package="KTC00038" program="*"/><reference package="KTC0003C"/><reference package="KTC0003A" program="*"/></referenceList><globalVarList><variable name="OSDEnableTCPIPFiltering" property="EnableTCPIPFiltering">false</variable><variable name="OSDAdapterCount" property="NumAdapters">0</variable></globalVarList><group name="Capture Files and Settings" description="Actions to capture files and settings in the original operating system"><condition><expression type="SMS_TaskSequence_VariableConditionExpression"><variable name="Operator">equals</variable><variable name="Value">false</variable><variable name="Variable">_SMSTSInWinPE</variable></expression></condition><step type="SMS_TaskSequence_DisableBitLockerAction" name="Disable BitLocker" description="Disable BitLocker" runIn="FullOS" successCodeList="0" retryCount="0" runFromNet="false"><action>OSDBitLocker.exe /disable </action><defaultVarList><variable name="OSDBitLockerRebootCount" property="RebootCount">1</variable></defaultVarList></step></group><group name="Install Operating System" description="Actions to run in Windows PE to install and configure the image"><step type="SMS_TaskSequence_RebootAction" name="Restart in Windows PE" description="" runIn="WinPEandFullOS" successCodeList="0" retryCount="0" runFromNet="false"><condition><expression type="SMS_TaskSequence_VariableConditionExpression"><variable name="Operator">equals</variable><variable name="Value">false</variable><variable name="Variable">_SMSTSInWinPE</variable></expression></condition><action>smsboot.exe /target:WinPE</action><defaultVarList><variable name="SMSRebootMessage" property="Message">A new Microsoft Windows operating system is being installed.  The computer must reboot to continue.</variable><variable name="SMSRebootTimeout" property="MessageTimeout">10</variable><variable name="SMSRebootTarget" property="Target" hidden="true">WinPE</variable></defaultVarList></step><step type="SMS_TaskSequence_PartitionDiskAction" name="Partition Disk 0 - BIOS" description="This action partitions and formats the disk for new deployments of BIOS-based computers. This step will not run for Unified Extensible Firmware Interface (UEFI)-based computers." runIn="WinPE" successCodeList="0" retryCount="0" runFromNet="false"><condition><expression type="SMS_TaskSequence_VariableConditionExpression"><variable name="Operator">notExists</variable><variable name="Variable">_SMSTSClientCache</variable></expression><expression type="SMS_TaskSequence_VariableConditionExpression"><variable name="Operator">notEquals</variable><variable name="Value">OEMMedia</variable><variable name="Variable">_SMSTSMediaType</variable></expression><expression type="SMS_TaskSequence_VariableConditionExpression"><variable name="Operator">notEquals</variable><variable name="Value">true</variable><variable name="Variable">_OSDMigrateUseHardlinks</variable></expression><expression type="SMS_TaskSequence_VariableConditionExpression"><variable name="Operator">notEquals</variable><variable name="Value">true</variable><variable name="Variable">_SMSTSBootUEFI</variable></expression></condition><action>osddiskpart.exe</action><defaultVarList><variable name="OSDDiskIndex" property="DiskIndex">0</variable><variable name="OSDDiskType" property="DiskType">Basic</variable><variable name="OSDDiskpartBiosCompatibilityMode" property="DiskpartBiosCompatibilityMode">false</variable><variable name="OSDGPTBootDisk" property="GPTBootDisk">false</variable><variable name="OSDPartitionStyle" property="PartitionStyle">MBR</variable><variable name="OSDPartitions" property="Partitions" hidden="true">3</variable><variable name="OSDPartitions0AssignVolumeLetter" property="Partitions0AssignVolumeLetter">false</variable><variable name="OSDPartitions0Bootable" property="Partitions0Bootable">true</variable><variable name="OSDPartitions0FileSystem" property="Partitions0FileSystem">NTFS</variable><variable name="OSDPartitions0QuickFormat" property="Partitions0QuickFormat">true</variable><variable name="OSDPartitions0Size" property="Partitions0Size">350</variable><variable name="OSDPartitions0SizeUnits" property="Partitions0SizeUnits">MB</variable><variable name="OSDPartitions0Type" property="Partitions0Type">Primary</variable><variable name="OSDPartitions0VolumeName" property="Partitions0VolumeName">System Reserved</variable><variable name="OSDPartitions1AssignVolumeLetter" property="Partitions1AssignVolumeLetter">true</variable><variable name="OSDPartitions1Bootable" property="Partitions1Bootable">false</variable><variable name="OSDPartitions1FileSystem" property="Partitions1FileSystem">NTFS</variable><variable name="OSDPartitions1QuickFormat" property="Partitions1QuickFormat">true</variable><variable name="OSDPartitions1Size" property="Partitions1Size">99</variable><variable name="OSDPartitions1SizeUnits" property="Partitions1SizeUnits">Percent</variable><variable name="OSDPartitions1Type" property="Partitions1Type">Primary</variable><variable name="OSDPartitions1VolumeName" property="Partitions1VolumeName">Windows</variable><variable name="OSDPartitions2AssignVolumeLetter" property="Partitions2AssignVolumeLetter">false</variable><variable name="OSDPartitions2Bootable" property="Partitions2Bootable">false</variable><variable name="OSDPartitions2FileSystem" property="Partitions2FileSystem">NTFS</variable><variable name="OSDPartitions2QuickFormat" property="Partitions2QuickFormat">true</variable><variable name="OSDPartitions2Size" property="Partitions2Size">100</variable><variable name="OSDPartitions2SizeUnits" property="Partitions2SizeUnits">Percent</variable><variable name="OSDPartitions2Type" property="Partitions2Type">Recovery</variable><variable name="OSDPartitions2VolumeName" property="Partitions2VolumeName">Recovery</variable></defaultVarList></step><step type="SMS_TaskSequence_PartitionDiskAction" name="Partition Disk 0 - UEFI" description="This action partitions and formats the disk for new deployments of Unified Extensible Firmware Interface (UEFI)-based computers. This step will not run for BIOS-based computers." runIn="WinPE" successCodeList="0" retryCount="0" runFromNet="false"><condition><expression type="SMS_TaskSequence_VariableConditionExpression"><variable name="Operator">notExists</variable><variable name="Variable">_SMSTSClientCache</variable></expression><expression type="SMS_TaskSequence_VariableConditionExpression"><variable name="Operator">notEquals</variable><variable name="Value">OEMMedia</variable><variable name="Variable">_SMSTSMediaType</variable></expression><expression type="SMS_TaskSequence_VariableConditionExpression"><variable name="Operator">notEquals</variable><variable name="Value">true</variable><variable name="Variable">_OSDMigrateUseHardlinks</variable></expression><expression type="SMS_TaskSequence_VariableConditionExpression"><variable name="Operator">equals</variable><variable name="Value">true</variable><variable name="Variable">_SMSTSBootUEFI</variable></expression></condition><action>osddiskpart.exe</action><defaultVarList><variable name="OSDDiskIndex" property="DiskIndex">0</variable><variable name="OSDDiskType" property="DiskType">Basic</variable><variable name="OSDDiskpartBiosCompatibilityMode" property="DiskpartBiosCompatibilityMode">false</variable><variable name="OSDGPTBootDisk" property="GPTBootDisk">true</variable><variable name="OSDPartitionStyle" property="PartitionStyle">GPT</variable><variable name="OSDPartitions" property="Partitions" hidden="true">4</variable><variable name="OSDPartitions0AssignVolumeLetter" property="Partitions0AssignVolumeLetter">false</variable><variable name="OSDPartitions0Bootable" property="Partitions0Bootable">false</variable><variable name="OSDPartitions0FileSystem" property="Partitions0FileSystem">FAT32</variable><variable name="OSDPartitions0QuickFormat" property="Partitions0QuickFormat">true</variable><variable name="OSDPartitions0Size" property="Partitions0Size">500</variable><variable name="OSDPartitions0SizeUnits" property="Partitions0SizeUnits">MB</variable><variable name="OSDPartitions0Type" property="Partitions0Type">EFI</variable><variable name="OSDPartitions1AssignVolumeLetter" property="Partitions1AssignVolumeLetter">false</variable><variable name="OSDPartitions1Bootable" property="Partitions1Bootable">false</variable><variable name="OSDPartitions1QuickFormat" property="Partitions1QuickFormat">false</variable><variable name="OSDPartitions1Size" property="Partitions1Size">128</variable><variable name="OSDPartitions1SizeUnits" property="Partitions1SizeUnits">MB</variable><variable name="OSDPartitions1Type" property="Partitions1Type">MSR</variable><variable name="OSDPartitions2AssignVolumeLetter" property="Partitions2AssignVolumeLetter">true</variable><variable name="OSDPartitions2Bootable" property="Partitions2Bootable">true</variable><variable name="OSDPartitions2FileSystem" property="Partitions2FileSystem">NTFS</variable><variable name="OSDPartitions2QuickFormat" property="Partitions2QuickFormat">true</variable><variable name="OSDPartitions2Size" property="Partitions2Size">99</variable><variable name="OSDPartitions2SizeUnits" property="Partitions2SizeUnits">Percent</variable><variable name="OSDPartitions2Type" property="Partitions2Type">Primary</variable><variable name="OSDPartitions2VolumeName" property="Partitions2VolumeName">Windows</variable><variable name="OSDPartitions3AssignVolumeLetter" property="Partitions3AssignVolumeLetter">false</variable><variable name="OSDPartitions3Bootable" property="Partitions3Bootable">false</variable><variable name="OSDPartitions3FileSystem" property="Partitions3FileSystem">NTFS</variable><variable name="OSDPartitions3QuickFormat" property="Partitions3QuickFormat">true</variable><variable name="OSDPartitions3Size" property="Partitions3Size">100</variable><variable name="OSDPartitions3SizeUnits" property="Partitions3SizeUnits">Percent</variable><variable name="OSDPartitions3Type" property="Partitions3Type">Recovery</variable><variable name="OSDPartitions3VolumeName" property="Partitions3VolumeName">Recovery</variable></defaultVarList></step><step type="SMS_TaskSequence_OfflineEnableBitLockerAction" name="Pre-provision BitLocker" description="" runIn="WinPE" successCodeList="0" retryCount="0" runFromNet="false"><action>OSDOfflineBitlocker.exe /enable  /ignoretpm:True /full:False /crypt:0</action><defaultVarList><variable name="OSDBitLockerEncryptFullDisk" property="EncryptFullDisk" hidden="true">false</variable><variable name="OSDBitLockerEncryptMethod" property="EncryptMethod" hidden="true">0</variable><variable name="OSDBitLockerSkipWhenTPMInvalid" property="SkipWhenTPMInvalid" hidden="true">true</variable></defaultVarList></step><step type="SMS_TaskSequence_ApplyOperatingSystemAction" name="Apply Operating System" description="Actions to apply operating system" runIn="WinPE" successCodeList="0" retryCount="0" runFromNet="false"><action>OSDApplyOS.exe /image:KTC00037,%OSDImageIndex% /runfromnet:False</action><defaultVarList><variable name="OSDImageIndex" property="ImageIndex">1</variable><variable name="ImagePackageID" property="ImagePackageID" hidden="true">KTC00037</variable><variable name="RunFromNet" property="RunFromNet" hidden="true">false</variable></defaultVarList></step><subtasksequence type="SMS_TaskSequence_SubTasksequence" name="COPY Wi-Fi PROFILE TO OS DISK" description="" successCodeList="0" retryCount="0" runFromNet="false"><action>SubTasksequence.exe</action><defaultVarList><variable name="OSDSubTasksequenceTsName" property="TsName">KTC0003B, COPY Wi-Fi PROFILE TO OS DISK</variable><variable name="OSDSubTasksequencePackageID" property="TsPackageID">KTC0003B</variable><variable name="OSDSubTasksequenceTsReferenceApplications" property="TsReferenceApplications"></variable><variable name="OSDSubTasksequenceTsReferencePackages" property="TsReferencePackages"></variable><variable name="OSDSubTasksequenceTsReferenceSoftwareUpdates" property="TsReferenceSoftwareUpdates"></variable></defaultVarList></subtasksequence><step type="SMS_TaskSequence_ApplyWindowsSettingsAction" name="Apply Windows Settings" description="Actions to apply Windows settings" runIn="WinPE" successCodeList="0" retryCount="0" runFromNet="false"><action>osdwinsettings.exe /config</action><defaultVarList><variable name="OSDLocalAdminPassword" property="AdminPassword"></variable><variable name="OSDComputerName" property="ComputerName">%_SMSTSMachineName%</variable><variable name="OSDWindowsSettingsInputLocale" property="InputLocale">en-US</variable><variable name="OSDProductKey" property="ProductKey"></variable><variable name="OSDRandomAdminPassword" property="RandomAdminPassword">false</variable><variable name="OSDRegisteredOrgName" property="RegisteredOrgName">KTC</variable><variable name="OSDRegisteredUserName" property="RegisteredUserName">IT</variable><variable name="OSDServerLicenseConnectionLimit" property="ServerLicenseConnectionLimit">5</variable><variable name="OSDWindowsSettingsSystemLocale" property="SystemLocale">cs-CZ</variable><variable name="OSDTimeZone" property="TimeZone">Central Europe Standard Time</variable><variable name="OSDWindowsSettingsUILanguage" property="UILanguage">en-US</variable><variable name="OSDWindowsSettingsUILanguageFallback" property="UILanguageFallback">cs-CZ</variable><variable name="OSDWindowsSettingsUserLocale" property="UserLocale">cs-CZ</variable></defaultVarList></step><step type="SMS_TaskSequence_ApplyNetworkSettingsAction" name="Apply Network Settings" description="Actions to configure network settings" runIn="WinPE" successCodeList="0" retryCount="0" runFromNet="false"><action>osdnetsettings.exe configure</action><defaultVarList><variable name="OSDJoinAccount" property="DomainUsername"></variable><variable name="OSDEnableTCPIPFiltering" property="EnableTCPIPFiltering" hidden="true">false</variable><variable name="OSDNetworkJoinType" property="NetworkJoinType">1</variable><variable name="OSDAdapterCount" property="NumAdapters" hidden="true">0</variable><variable name="OSDWorkgroupName" property="WorkgroupName">CMG</variable></defaultVarList></step><step type="SMS_TaskSequence_AutoApplyAction" name="Apply Device Drivers" description="" runIn="WinPE" successCodeList="0" retryCount="0" runFromNet="false"><condition><expression type="SMS_TaskSequence_VariableConditionExpression"><variable name="Operator">notEquals</variable><variable name="Value">FullMedia</variable><variable name="Variable">_SMSTSMediaType</variable></expression></condition><action>osddriverclient.exe /auto /bestmatch:%OSDAutoApplyDriverBestMatch% /unsigned:%OSDAllowUnsignedDriver%</action><defaultVarList><variable name="OSDAutoApplyDriverBestMatch" property="BestMatch">true</variable><variable name="OSDAllowUnsignedDriver" property="UnsignedDriver">false</variable></defaultVarList></step></group><group name="Setup Operating System" description="Setup Operating System"><subtasksequence type="SMS_TaskSequence_SubTasksequence" name="CONNECT Wi-Fi" description="" disable="true" successCodeList="0" retryCount="0" runFromNet="false"><action>SubTasksequence.exe</action><defaultVarList><variable name="OSDSubTasksequenceTsName" property="TsName">KTC0003C, CONNECT TO Wi-Fi</variable><variable name="OSDSubTasksequencePackageID" property="TsPackageID">KTC0003C</variable><variable name="OSDSubTasksequenceTsReferenceApplications" property="TsReferenceApplications"></variable><variable name="OSDSubTasksequenceTsReferencePackages" property="TsReferencePackages"></variable><variable name="OSDSubTasksequenceTsReferenceSoftwareUpdates" property="TsReferenceSoftwareUpdates"></variable></defaultVarList></subtasksequence><step type="SMS_TaskSequence_SetupWindowsAndSMSAction" name="Setup Windows and Configuration Manager" description="Actions to setup Windows and Configuration Manager client" runIn="WinPEandFullOS" successCodeList="0" retryCount="0" runFromNet="false"><action>OSDSetupWindows.exe</action><defaultVarList><variable name="SMSClientInstallProperties" property="ClientInstallProperties"></variable><variable name="_SMSClientPackageID" property="ClientPackageID">KTC00004</variable></defaultVarList></step><subtasksequence type="SMS_TaskSequence_SubTasksequence" name="RESTART" description="" successCodeList="0" retryCount="0" runFromNet="false"><action>SubTasksequence.exe</action><defaultVarList><variable name="OSDSubTasksequenceTsName" property="TsName">KTC00038, RESTART</variable><variable name="OSDSubTasksequencePackageID" property="TsPackageID">KTC00038</variable><variable name="OSDSubTasksequenceTsReferenceApplications" property="TsReferenceApplications"></variable><variable name="OSDSubTasksequenceTsReferencePackages" property="TsReferencePackages">KTC0003C</variable><variable name="OSDSubTasksequenceTsReferenceSoftwareUpdates" property="TsReferenceSoftwareUpdates"></variable></defaultVarList></subtasksequence><step type="SMS_TaskSequence_EnableBitLockerAction" name="Enable BitLocker" description="Enable BitLocker" disable="true" runIn="FullOS" successCodeList="0" retryCount="0" runFromNet="false"><condition><expression type="SMS_TaskSequence_VariableConditionExpression"><variable name="Operator">notEquals</variable><variable name="Value">true</variable><variable name="Variable">_SMSTSWTG</variable></expression></condition><action>OSDBitLocker.exe /enable  /wait:False /mode:TPM /pwd:AD /full:False /crypt:0 /ignoretpm:False</action><defaultVarList><variable name="OSDBitLockerCreateRecoveryPassword" property="CreateRecoveryPassword" hidden="true">AD</variable><variable name="OSDBitLockerEncryptFullDisk" property="EncryptFullDisk" hidden="true">false</variable><variable name="OSDBitLockerEncryptMethod" property="EncryptMethod" hidden="true">0</variable><variable name="OSDBitLockerMode" property="Mode" hidden="true">TPM</variable><variable name="OSDBitLockerSkipWhenNoValidTPM" property="SkipWhenNoValidTPM" hidden="true">false</variable><variable name="OSDBitLockerWaitForEncryption" property="WaitForEncryption" hidden="true">false</variable></defaultVarList></step></group><group name="Finalize" description=""><subtasksequence type="SMS_TaskSequence_SubTasksequence" name="REMOVE Wi-Fi CONNECTION DATA" description="" successCodeList="0" retryCount="0" runFromNet="false"><action>SubTasksequence.exe</action><defaultVarList><variable name="OSDSubTasksequenceTsName" property="TsName">KTC0003A, REMOVE Wi-Fi CONNECTION DATA</variable><variable name="OSDSubTasksequencePackageID" property="TsPackageID">KTC0003A</variable><variable name="OSDSubTasksequenceTsReferenceApplications" property="TsReferenceApplications"></variable><variable name="OSDSubTasksequenceTsReferencePackages" property="TsReferencePackages"></variable><variable name="OSDSubTasksequenceTsReferenceSoftwareUpdates" property="TsReferenceSoftwareUpdates"></variable></defaultVarList></subtasksequence></group></sequence>
]]></VALUE>
  </PROPERTY>
  <PROPERTY NAME="ShareName" CLASSORIGIN="SMS_PackageBaseclass" TYPE="string">
    <QUALIFIER NAME="CIMTYPE" PROPAGATED="true" TYPE="string" TOINSTANCE="true">
      <VALUE>string</VALUE>
    </QUALIFIER>
    <VALUE></VALUE>
  </PROPERTY>
  <PROPERTY NAME="ShareType" CLASSORIGIN="SMS_PackageBaseclass" TYPE="uint32">
    <QUALIFIER NAME="CIMTYPE" PROPAGATED="true" TYPE="string" TOINSTANCE="true">
      <VALUE>uint32</VALUE>
    </QUALIFIER>
    <VALUE>1</VALUE>
  </PROPERTY>
  <PROPERTY NAME="SourceDate" CLASSORIGIN="SMS_PackageBaseclass" TYPE="datetime">
    <QUALIFIER NAME="CIMTYPE" PROPAGATED="true" TYPE="string" TOINSTANCE="true">
      <VALUE>datetime</VALUE>
    </QUALIFIER>
    <VALUE>20210608133237.000000+000</VALUE>
  </PROPERTY>
  <PROPERTY NAME="SourceSite" CLASSORIGIN="SMS_PackageBaseclass" TYPE="string">
    <QUALIFIER NAME="CIMTYPE" PROPAGATED="true" TYPE="string" TOINSTANCE="true">
      <VALUE>string</VALUE>
    </QUALIFIER>
    <VALUE>KTC</VALUE>
  </PROPERTY>
  <PROPERTY NAME="SourceSize" CLASSORIGIN="SMS_TaskSequencePackage" TYPE="uint32">
    <QUALIFIER NAME="CIMTYPE" PROPAGATED="true" TYPE="string" TOINSTANCE="true">
      <VALUE>uint32</VALUE>
    </QUALIFIER>
    <VALUE>19</VALUE>
  </PROPERTY>
  <PROPERTY NAME="SourceVersion" CLASSORIGIN="SMS_PackageBaseclass" TYPE="uint32">
    <QUALIFIER NAME="CIMTYPE" PROPAGATED="true" TYPE="string" TOINSTANCE="true">
      <VALUE>uint32</VALUE>
    </QUALIFIER>
    <VALUE>1</VALUE>
  </PROPERTY>
  <PROPERTY NAME="StoredPkgPath" CLASSORIGIN="SMS_PackageBaseclass" TYPE="string">
    <QUALIFIER NAME="CIMTYPE" PROPAGATED="true" TYPE="string" TOINSTANCE="true">
      <VALUE>string</VALUE>
    </QUALIFIER>
    <VALUE></VALUE>
  </PROPERTY>
  <PROPERTY NAME="StoredPkgVersion" CLASSORIGIN="SMS_PackageBaseclass" TYPE="uint32">
    <QUALIFIER NAME="CIMTYPE" PROPAGATED="true" TYPE="string" TOINSTANCE="true">
      <VALUE>uint32</VALUE>
    </QUALIFIER>
    <VALUE>1</VALUE>
  </PROPERTY>
  <PROPERTY.OBJECTARRAY NAME="SupportedOperatingSystems" CLASSORIGIN="SMS_TaskSequencePackage" REFERENCECLASS="SMS_OS_Details">
    <QUALIFIER NAME="CIMTYPE" PROPAGATED="true" TYPE="string" TOINSTANCE="true">
      <VALUE>object:SMS_OS_Details</VALUE>
    </QUALIFIER>
    <VALUE.OBJECTARRAY></VALUE.OBJECTARRAY>
  </PROPERTY.OBJECTARRAY>
  <PROPERTY NAME="TaskSequenceFlags" CLASSORIGIN="SMS_TaskSequencePackage" TYPE="uint32">
    <QUALIFIER NAME="CIMTYPE" PROPAGATED="true" TYPE="string" TOINSTANCE="true">
      <VALUE>uint32</VALUE>
    </QUALIFIER>
    <VALUE>0</VALUE>
  </PROPERTY>
  <PROPERTY NAME="TsEnabled" CLASSORIGIN="SMS_TaskSequencePackage" TYPE="boolean">
    <QUALIFIER NAME="CIMTYPE" PROPAGATED="true" TYPE="string" TOINSTANCE="true">
      <VALUE>boolean</VALUE>
    </QUALIFIER>
    <VALUE>TRUE</VALUE>
  </PROPERTY>
  <PROPERTY NAME="Type" CLASSORIGIN="SMS_TaskSequencePackage" TYPE="uint32">
    <QUALIFIER NAME="CIMTYPE" PROPAGATED="true" TYPE="string" TOINSTANCE="true">
      <VALUE>uint32</VALUE>
    </QUALIFIER>
    <VALUE>2</VALUE>
  </PROPERTY>
  <PROPERTY NAME="Version" CLASSORIGIN="SMS_PackageBaseclass" TYPE="string">
    <QUALIFIER NAME="CIMTYPE" PROPAGATED="true" TYPE="string" TOINSTANCE="true">
      <VALUE>string</VALUE>
    </QUALIFIER>
    <VALUE></VALUE>
  </PROPERTY>
</INSTANCE>