﻿<LibraryDocument xmlns:xsi="http://www.w3.org/2001/XMLSchema-instance" xmlns:xsd="http://www.w3.org/2001/XMLSchema">
  <Properties>
    <Property Name="AUTHORING_SCOPE" Value="ScopeId_5197DD71-3116-4878-A26C-EA6155A28E9B" />
  </Properties>
  <Contents />
  <EntryObjects>
    <Object Path="SMS_BootImagePackage.PackageID='KTC00035'" Type="SMS_BootImagePackage" />
    <Object Path="SMS_ImagePackage.PackageID='KTC00037'" Type="SMS_ImagePackage" />
    <Object Path="SMS_TaskSequencePackage.PackageID='KTC0003C'" Type="SMS_TaskSequencePackage" />
    <Object Path="SMS_TaskSequencePackage.PackageID='KTC00038'" Type="SMS_TaskSequencePackage" />
    <Object Path="SMS_TaskSequencePackage.PackageID='KTC0003A'" Type="SMS_TaskSequencePackage" />
    <Object Path="SMS_TaskSequencePackage.PackageID='KTC0003B'" Type="SMS_TaskSequencePackage" />
    <Object Path="SMS_TaskSequencePackage.PackageID='KTC0003D'" Type="SMS_TaskSequencePackage" />
  </EntryObjects>
</LibraryDocument>